Frame,Timestamp (ms),x,y,Active points,Bounding box centre X (px),Bounding box centre Y (px),Bounding box width (px),Bounding box height (px),Bounding box rotation (degrees),Bounding box vertex 1 X (px),Bounding box vertex 1 Y (px),Bounding box vertex 2 X (px),Bounding box vertex 2 Y (px),Bounding box vertex 3 X (px),Bounding box vertex 3 Y (px),Bounding box vertex 4 X (px),Bounding box vertex 4 Y (px)
0,33,304,122,12,302.5,112.5,15,21,0,295,123,295,102,310,102,310,123
1,66,306,124,12,303.126,113.467,15.0044,21.0061,0,295.624,123.97,295.624,102.964,310.628,102.964,310.628,123.97
2,100,306,124,12,303.925,114.491,15.1127,21.1578,0,296.369,125.069,296.369,103.912,311.482,103.912,311.482,125.069
3,133,307,125,13,304.245,115.274,14.966,20.9524,0,296.762,125.75,296.762,104.798,311.728,104.798,311.728,125.75
4,166,307,126,13,304.83,116.363,15.0045,21.0062,0,297.327,126.866,297.327,105.86,312.332,105.86,312.332,126.866
5,200,308,128,12,305.068,117.536,15.2845,21.3983,0,297.426,128.235,297.426,106.837,312.71,106.837,312.71,128.235
6,233,307,128,12,305.674,118.534,15.3182,21.4454,0,298.015,129.257,298.015,107.812,313.333,107.812,313.333,129.257
7,266,309,130,12,305.789,119.441,15.0317,21.0444,0,298.273,129.964,298.273,108.919,313.305,108.919,313.305,129.964
8,300,309,131,12,306.256,120.395,15.5229,21.7321,0,298.495,131.261,298.495,109.529,314.018,109.529,314.018,131.261
9,333,310,132,12,306.532,121.386,15.5518,21.7725,0,298.756,132.272,298.756,110.5,314.308,110.5,314.308,132.272
10,366,310.312,132.96,12,306.92,122.242,16.138,22.5933,0,298.851,133.539,298.851,110.945,314.989,110.945,314.989,133.539
11,400,311,134,13,307.205,123.163,16.0877,22.5228,0,299.161,134.424,299.161,111.901,315.249,111.901,315.249,134.424
12,433,311,135,13,307.676,124.187,15.8356,22.1698,0,299.758,135.272,299.758,113.102,315.594,113.102,315.594,135.272
13,466,311,136,12,307.9,125.146,15.609,21.8526,0,300.095,136.073,300.095,114.22,315.704,114.22,315.704,136.073
14,500,311,137,12,307.804,126.305,15.8827,22.2358,0,299.862,137.423,299.862,115.187,315.745,115.187,315.745,137.423
15,533,310,136,12,307.863,127.295,15.7834,22.0968,0,299.971,138.343,299.971,116.246,315.754,116.246,315.754,138.343
16,566,310,137,12,307.988,128.443,15.3735,21.5229,0,300.301,139.205,300.301,117.682,315.674,117.682,315.674,139.205
17,600,310,138,12,308.044,129.691,15.3863,21.5409,0,300.35,140.462,300.35,118.921,315.737,118.921,315.737,140.462
18,633,310,140,12,308.037,130.832,15.4102,21.5742,0,300.332,141.619,300.332,120.045,315.742,120.045,315.742,141.619
19,666,310,141,12,308.05,131.986,15.6188,21.8664,0,300.24,142.919,300.24,121.053,315.859,121.053,315.859,142.919
20,700,310,142,12,307.972,133.621,15.5007,21.701,0,300.221,144.471,300.221,122.77,315.722,122.77,315.722,144.471
21,733,310,143,12,307.628,134.76,15.4802,21.6723,0,299.887,145.596,299.887,123.924,315.368,123.924,315.368,145.596
22,766,310,144,12,307.646,136.271,15.6019,21.8426,0,299.846,147.192,299.846,125.35,315.447,125.35,315.447,147.192
23,800,309.472,145.476,12,307.232,137.598,15.5035,21.7049,0,299.48,148.451,299.48,126.746,314.984,126.746,314.984,148.451
24,833,310,147,12,306.677,139.001,15.4585,21.642,0,298.948,149.822,298.948,128.18,314.407,128.18,314.407,149.822
25,866,303.572,147.415,12,306.35,140.067,15.5974,21.8364,0,298.551,150.985,298.551,129.149,314.149,129.149,314.149,150.985
26,900,302.898,148.665,12,306.033,142.021,15.6771,21.948,0,298.195,152.995,298.195,131.047,313.872,131.047,313.872,152.995
27,933,301.757,149.697,12,304.928,143.102,15.7371,22.0319,0,297.059,154.118,297.059,132.086,312.797,132.086,312.797,154.118
28,966,300.772,150.487,12,303.88,144.122,15.4676,21.6546,0,296.146,154.949,296.146,133.294,311.614,133.294,311.614,154.949
29,1000,299.556,150.889,12,302.637,144.839,15.3072,21.4301,0,294.983,155.554,294.983,134.123,310.291,134.123,310.291,155.554
30,1033,298.476,150.714,12,301.418,144.897,14.9757,20.966,0,293.93,155.38,293.93,134.414,308.906,134.414,308.906,155.38
31,1066,297.03,150.081,12,300.31,143.809,15.1585,21.2219,0,292.731,154.42,292.731,133.198,307.889,133.198,307.889,154.42
32,1100,296.164,149.16,12,299.341,142.629,15.6102,21.8543,0,291.536,153.556,291.536,131.702,307.146,131.702,307.146,153.556
33,1133,295.185,148.53,12,298.326,141.731,15.7253,22.0154,0,290.464,152.739,290.464,130.724,306.189,130.724,306.189,152.739
34,1166,294.379,148.069,12,297.479,140.954,15.7906,22.1068,0,289.584,152.008,289.584,129.901,305.375,129.901,305.375,152.008
35,1200,293.547,147.368,12,296.689,140.217,16.2254,22.7156,0,288.576,151.575,288.576,128.86,304.802,128.86,304.802,151.575
36,1233,292.426,146.135,12,295.358,139.05,15.8356,22.1699,0,287.44,150.135,287.44,127.965,303.276,127.965,303.276,150.135
37,1266,291.048,145.721,12,293.829,138.835,15.3812,21.5336,0,286.138,149.602,286.138,128.068,301.52,128.068,301.52,149.602
38,1300,289.367,145.531,12,292.217,138.676,15.4021,21.5629,0,284.516,149.458,284.516,127.895,299.918,127.895,299.918,149.458
39,1333,295,147,12,290.672,138.299,15.4796,21.6715,0,282.932,149.135,282.932,127.463,298.412,127.463,298.412,149.135
40,1366,286.315,143.911,12,289.384,138.229,15.3103,21.4345,0,281.729,148.947,281.729,127.512,297.039,127.512,297.039,148.947
41,1400,291,148,12,288.359,137.616,15.0777,21.1088,0,280.82,148.171,280.82,127.062,295.898,127.062,295.898,148.171
42,1433,289.469,148.73,12,286.596,139.269,16.1478,22.6069,0,278.522,150.572,278.522,127.966,294.669,127.966,294.669,150.572
43,1466,288.386,149.787,12,285.372,139.788,15.2429,21.3401,0,277.751,150.458,277.751,129.118,292.994,129.118,292.994,150.458
44,1500,286.619,150.033,12,284.033,140.562,15.0723,21.1012,0,276.497,151.112,276.497,130.011,291.569,130.011,291.569,151.112
45,1533,280.114,147.456,13,282.428,141.283,15.0147,21.0206,0,274.92,151.794,274.92,130.773,289.935,130.773,289.935,151.794
46,1566,278.505,148.476,13,280.974,142.4,14.888,20.8432,0,273.53,152.821,273.53,131.978,288.418,131.978,288.418,152.821
47,1600,277.289,149.36,12,279.78,143.52,14.459,20.2426,0,272.55,153.641,272.55,133.399,287.009,133.399,287.009,153.641
48,1633,276.334,150.617,12,278.813,144.005,14.9921,20.989,0,271.316,154.5,271.316,133.511,286.309,133.511,286.309,154.5
49,1666,274.69,152.403,12,277.159,145.757,15.0041,21.0057,0,269.657,156.26,269.657,135.255,284.661,135.255,284.661,156.26
50,1700,274.221,153.503,12,276.217,147.255,14.5799,20.4119,0,268.927,157.461,268.927,137.049,283.507,137.049,283.507,157.461
51,1733,272.595,155.978,12,274.743,149.388,14.8683,20.8156,0,267.309,159.796,267.309,138.98,282.177,138.98,282.177,159.796
52,1766,270.648,157.85,12,272.766,151.339,14.7333,20.6266,0,265.399,161.652,265.399,141.025,280.133,141.025,280.133,161.652
53,1800,268.999,159.344,12,271.116,153.23,15.4355,21.6097,0,263.398,164.034,263.398,142.425,278.834,142.425,278.834,164.034
54,1833,267.628,160.136,12,269.744,154.017,14.8621,20.807,0,262.313,164.421,262.313,143.614,277.175,143.614,277.175,164.421
55,1866,266.098,160.501,12,268.259,154.929,14.7288,20.6203,0,260.894,165.239,260.894,144.619,275.623,144.619,275.623,165.239
56,1900,270,164,12,267.274,156.107,15.1826,21.2557,0,259.683,166.734,259.683,145.479,274.866,145.479,274.866,166.734
57,1933,268,164,12,266.243,156.751,16.0464,22.465,0,258.22,167.983,258.22,145.518,274.266,145.518,274.266,167.983
58,1966,267,164,12,264.81,156.827,15.9526,22.3336,0,256.834,167.993,256.834,145.66,272.786,145.66,272.786,167.993
59,2000,266,164,12,263.344,156.939,16.0405,22.4567,0,255.324,168.167,255.324,145.711,271.364,145.711,271.364,168.167
60,2033,264.505,164.27,12,261.937,156.96,16.1541,22.6157,0,253.86,168.268,253.86,145.652,270.014,145.652,270.014,168.268
61,2066,263.262,163.935,12,260.857,156.515,16.4393,23.0151,0,252.637,168.022,252.637,145.007,269.077,145.007,269.077,168.022
62,2100,261.395,164.2,12,259.382,156.447,17.0174,23.8244,0,250.874,168.359,250.874,144.535,267.891,144.535,267.891,168.359
63,2133,259.709,163.796,12,258.108,155.888,17.2393,24.135,0,249.488,167.955,249.488,143.82,266.728,143.82,266.728,167.955
64,2166,258.108,163.63,12,256.939,155.593,17.4672,24.454,0,248.205,167.82,248.205,143.366,265.672,143.366,265.672,167.82
65,2200,256.612,163.342,12,255.684,155.124,17.3442,24.2819,0,247.012,167.265,247.012,142.983,264.356,142.983,264.356,167.265
66,2233,255.322,162.824,12,254.555,154.691,17.528,24.5392,0,245.791,166.961,245.791,142.421,263.319,142.421,263.319,166.961
67,2266,253.976,162.216,12,253.483,154.239,17.4014,24.362,0,244.782,166.42,244.782,142.058,262.184,142.058,262.184,166.42
68,2300,252.558,161.341,12,252.3,153.777,17.248,24.1472,0,243.676,165.851,243.676,141.704,260.924,141.704,260.924,165.851
69,2333,251.084,160.907,12,251.154,153.37,17.2936,24.211,0,242.507,165.475,242.507,141.264,259.801,141.264,259.801,165.475
70,2366,250.012,160.971,12,250.335,152.885,17.3017,24.2224,0,241.684,164.997,241.684,140.774,258.986,140.774,258.986,164.997
71,2400,249.447,160.596,12,249.707,152.53,17.3052,24.2272,0,241.055,164.643,241.055,140.416,258.36,140.416,258.36,164.643
72,2433,248.61,159.929,12,249.044,152.248,17.2483,24.1476,0,240.42,164.321,240.42,140.174,257.668,140.174,257.668,164.321
73,2466,247.856,159.671,12,248.269,151.892,17.1335,23.9869,0,239.703,163.885,239.703,139.898,256.836,139.898,256.836,163.885
74,2500,247.145,158.893,12,247.42,151.242,16.9901,23.7862,0,238.925,163.135,238.925,139.349,255.915,139.349,255.915,163.135
75,2533,246.423,158.564,12,246.767,150.875,17.2367,24.1314,0,238.149,162.941,238.149,138.809,255.386,138.809,255.386,162.941
76,2566,245.59,157.81,12,245.919,150.229,17.2334,24.1267,0,237.303,162.292,237.303,138.165,254.536,138.165,254.536,162.292
77,2600,244.906,157.077,12,245.194,149.457,16.977,23.7679,0,236.706,161.341,236.706,137.573,253.683,137.573,253.683,161.341
78,2633,244.45,156.505,12,244.607,148.78,17.066,23.8924,0,236.074,160.726,236.074,136.834,253.14,136.834,253.14,160.726
79,2666,243.91,155.648,12,244.034,147.89,17.2199,24.1079,0,235.424,159.944,235.424,135.837,252.644,135.837,252.644,159.944
80,2700,243.61,154.766,12,243.652,146.936,17.1775,24.0485,0,235.063,158.96,235.063,134.912,252.241,134.912,252.241,158.96
81,2733,243.513,153.915,12,243.405,146.01,17.2751,24.1852,0,234.767,158.102,234.767,133.917,252.042,133.917,252.042,158.102
82,2766,243.15,152.763,12,243.281,144.849,17.4162,24.3827,0,234.573,157.04,234.573,132.658,251.989,132.658,251.989,157.04
83,2800,243.087,151.558,12,243.141,143.633,17.2376,24.1327,0,234.522,155.699,234.522,131.566,251.76,131.566,251.76,155.699
84,2833,243.016,150.63,12,242.945,142.485,17.0887,23.9242,0,234.4,154.447,234.4,130.523,251.489,130.523,251.489,154.447
85,2866,243.047,149.887,12,242.823,141.777,16.7749,23.4848,0,234.435,153.52,234.435,130.035,251.21,130.035,251.21,153.52
86,2900,242.971,149.062,12,242.541,141.153,16.541,23.1573,0,234.27,152.732,234.27,129.575,250.811,129.575,250.811,152.732
87,2933,243.045,148.908,12,242.534,140.967,16.5153,23.1215,0,234.276,152.527,234.276,129.406,250.792,129.406,250.792,152.527
88,2966,243.106,148.655,12,242.862,140.3,15.8416,22.1783,0,234.941,151.389,234.941,129.211,250.783,129.211,250.783,151.389
89,3000,243.105,148.923,12,242.856,140.416,16.0134,22.4188,0,234.849,151.625,234.849,129.206,250.863,129.206,250.863,151.625
90,3033,242.885,148.868,12,242.936,139.707,16.0498,22.4697,0,234.911,150.941,234.911,128.472,250.961,128.472,250.961,150.941
91,3066,242.613,148.797,12,242.565,139.525,16.017,22.4238,0,234.557,150.737,234.557,128.313,250.574,128.313,250.574,150.737
92,3100,242.633,148.444,12,242.456,139.04,16.0032,22.4045,0,234.455,150.242,234.455,127.837,250.458,127.837,250.458,150.242
93,3133,242.43,147.805,12,242.272,138.397,15.9928,22.39,0,234.275,149.592,234.275,127.202,250.268,127.202,250.268,149.592
94,3166,242.376,147.342,12,242.136,137.797,15.9118,22.2765,0,234.18,148.935,234.18,126.659,250.092,126.659,250.092,148.935
95,3200,242.35,146.811,12,242.066,137.412,15.9171,22.2839,0,234.108,148.554,234.108,126.27,250.025,126.27,250.025,148.554
96,3233,242.303,145.844,12,241.88,136.423,15.8953,22.2534,0,233.932,147.55,233.932,125.297,249.827,125.297,249.827,147.55
97,3266,241.902,145.37,12,241.498,135.979,15.8207,22.1489,0,233.588,147.053,233.588,124.904,249.408,124.904,249.408,147.053
98,3300,241.848,144.864,12,241.811,135.803,14.6965,20.5751,0,234.463,146.091,234.463,125.515,249.16,125.515,249.16,146.091
99,3333,241.838,144.244,12,241.802,135.225,14.6504,20.5105,0,234.477,145.48,234.477,124.97,249.128,124.97,249.128,145.48
100,3366,243,146,12,241.794,134.717,14.3945,20.1523,0,234.597,144.793,234.597,124.641,248.992,124.641,248.992,144.793
101,3400,242.883,145.372,12,241.845,134.473,15.3321,21.4649,0,234.179,145.205,234.179,123.741,249.511,123.741,249.511,145.205
102,3433,242.9,144.407,12,241.813,133.814,15.0968,21.1355,0,234.264,144.382,234.264,123.246,249.361,123.246,249.361,144.382
103,3466,243.231,143.653,12,242.006,133.202,14.9286,20.9001,0,234.542,143.652,234.542,122.752,249.471,122.752,249.471,143.652
104,3500,243.48,142.872,12,242.338,132.702,15.7311,22.0236,0,234.472,143.714,234.472,121.69,250.203,121.69,250.203,143.714
105,3533,243.621,142.482,12,242.536,132.118,15.706,21.9884,0,234.683,143.112,234.683,121.123,250.389,121.123,250.389,143.112
106,3566,244.088,141.961,12,242.924,131.524,15.5751,21.8051,0,235.136,142.427,235.136,120.622,250.711,120.622,250.711,142.427
107,3600,244.378,141.191,12,243.197,130.743,14.9812,20.9736,0,235.707,141.229,235.707,120.256,250.688,120.256,250.688,141.229
108,3633,244.994,140.659,12,243.568,130.07,15.6234,21.8728,0,235.757,141.006,235.757,119.133,251.38,119.133,251.38,141.006
109,3666,245.65,139.757,12,244.024,129.17,15.5196,21.7275,0,236.264,140.034,236.264,118.306,251.783,118.306,251.783,140.034
110,3700,246.421,138.794,12,244.476,128.07,15.5401,21.7561,0,236.706,138.948,236.706,117.192,252.246,117.192,252.246,138.948
111,3733,247.1,138.378,12,245.106,125.697,17.7349,24.8288,0,236.238,138.111,236.238,113.282,253.973,113.282,253.973,138.111
112,3766,247.812,137.818,12,245.741,124.993,18.0679,25.2951,0,236.707,137.641,236.707,112.346,254.775,112.346,254.775,137.641
113,3800,248.69,137.12,12,246.321,123.965,17.9755,25.1657,0,237.334,136.548,237.334,111.383,255.309,111.383,255.309,136.548
114,3833,249.222,137.054,12,246.831,123.425,18.142,25.3988,0,237.76,136.124,237.76,110.726,255.902,110.726,255.902,136.124
115,3866,249.657,136.512,12,247.242,123.157,18.3103,25.6344,0,238.087,135.974,238.087,110.34,256.397,110.34,256.397,135.974
116,3900,250.297,135.883,12,247.688,122.533,18.1669,25.4337,0,238.605,135.25,238.605,109.816,256.771,109.816,256.771,135.25
117,3933,250.901,135.928,12,248.241,122.551,18.1798,25.4517,0,239.151,135.277,239.151,109.825,257.33,109.825,257.33,135.277
118,3966,251.337,135.509,12,248.673,122.085,17.7952,24.9133,0,239.775,134.542,239.775,109.628,257.571,109.628,257.571,134.542
119,4000,251.667,135.309,12,248.959,121.999,17.6106,24.6549,0,240.154,134.326,240.154,109.671,257.764,109.671,257.764,134.326
120,4033,252.211,134.729,12,249.541,121.891,17.3865,24.3411,0,240.847,134.062,240.847,109.721,258.234,109.721,258.234,134.062
121,4066,252.7,134.093,12,249.906,121.723,17.0722,23.9011,0,241.37,133.673,241.37,109.772,258.442,109.772,258.442,133.673
122,4100,253.246,133.386,12,250.524,121.473,17.0703,23.8985,0,241.989,133.422,241.989,109.523,259.059,109.523,259.059,133.422
123,4133,253.291,132.451,12,250.481,121.233,16.4245,22.9943,0,242.269,132.73,242.269,109.736,258.694,109.736,258.694,132.73
124,4166,253.754,131.717,12,250.76,120.863,16.2947,22.8126,0,242.613,132.269,242.613,109.456,258.907,109.456,258.907,132.269
125,4200,253.93,130.923,12,250.746,120.542,16.3127,22.8378,0,242.59,131.961,242.59,109.123,258.903,109.123,258.903,131.961
126,4233,254.182,129.761,12,250.83,119.791,16.2113,22.6958,0,242.725,131.139,242.725,108.444,258.936,108.444,258.936,131.139
127,4266,254.401,129.154,12,250.847,119.279,16.0386,22.454,0,242.828,130.506,242.828,108.052,258.866,108.052,258.866,130.506
128,4300,254.457,128.018,12,250.603,118.307,15.9457,22.324,0,242.63,129.469,242.63,107.145,258.575,107.145,258.575,129.469
129,4333,254.412,127.419,12,250.367,117.683,16.0627,22.4878,0,242.336,128.927,242.336,106.439,258.399,106.439,258.399,128.927
130,4366,254.431,126.47,12,250.234,116.723,16.0599,22.4838,0,242.204,127.965,242.204,105.481,258.264,105.481,258.264,127.965
131,4400,254.394,126.136,12,250.027,116.181,16.3274,22.8584,0,241.864,127.61,241.864,104.752,258.191,104.752,258.191,127.61
132,4433,254.222,125.506,12,249.795,115.38,16.4234,22.9928,0,241.583,126.877,241.583,103.884,258.007,103.884,258.007,126.877
133,4466,254.204,124.617,12,249.754,114.581,16.3819,22.9347,0,241.563,126.048,241.563,103.114,257.945,103.114,257.945,126.048
134,4500,253.897,123.901,12,249.307,113.774,16.4998,23.0997,0,241.058,125.324,241.058,102.224,257.557,102.224,257.557,125.324
135,4533,253.844,123.099,12,249.127,112.923,16.475,23.065,0,240.89,124.455,240.89,101.39,257.365,101.39,257.365,124.455
136,4566,253.354,122.687,12,248.814,112.405,16.3893,22.945,0,240.619,123.877,240.619,100.932,257.008,100.932,257.008,123.877
137,4600,252.996,121.709,12,248.495,111.43,16.4376,23.0127,0,240.276,122.937,240.276,99.9239,256.714,99.9239,256.714,122.937
138,4633,252.462,121.038,12,248.028,110.797,16.4433,23.0206,0,239.807,122.308,239.807,99.287,256.25,99.287,256.25,122.308
139,4666,252.014,120.573,12,247.655,110.136,16.3697,22.9176,0,239.47,121.595,239.47,98.6769,255.84,98.6769,255.84,121.595
140,4700,251.491,119.846,12,247.362,109.828,17.0628,23.8879,0,238.831,121.772,238.831,97.8839,255.893,97.8839,255.893,121.772
141,4733,250.992,118.883,12,246.929,108.875,17.007,23.8098,0,238.426,120.78,238.426,96.9706,255.433,96.9706,255.433,120.78
142,4766,250.551,118.567,12,246.591,108.41,17.1004,23.9406,0,238.041,120.38,238.041,96.4398,255.142,96.4398,255.142,120.38
143,4800,249.981,118.016,12,246.07,107.682,17.3034,24.2248,0,237.419,119.794,237.419,95.5694,254.722,95.5694,254.722,119.794
144,4833,249.44,117.787,12,245.488,107.307,17.3007,24.221,0,236.837,119.418,236.837,95.1967,254.138,95.1967,254.138,119.418
145,4866,248.661,117.154,12,244.94,106.589,16.8312,23.5637,0,236.524,118.371,236.524,94.8069,253.355,94.8069,253.355,118.371
146,4900,248.023,116.777,12,244.282,105.948,17.1452,24.0032,0,235.71,117.95,235.71,93.9467,252.855,93.9467,252.855,117.95
147,4933,247.256,116.391,12,243.548,104.839,17.5295,24.5413,0,234.784,117.11,234.784,92.5687,252.313,92.5687,252.313,117.11
148,4966,246.445,116.025,12,242.892,104.252,17.3895,24.3454,0,234.197,116.424,234.197,92.0788,251.586,92.0788,251.586,116.424
149,5000,245.911,115.547,12,242.34,103.628,17.419,24.3865,0,233.631,115.821,233.631,91.4343,251.05,91.4343,251.05,115.821
150,5033,245.11,115.032,12,241.754,103.093,17.533,24.5462,0,232.987,115.366,232.987,90.8202,250.52,90.8202,250.52,115.366
151,5066,242,115,12,241.047,102.524,17.4846,24.4784,0,232.305,114.764,232.305,90.2853,249.79,90.2853,249.79,114.764
152,5100,241.377,114.553,12,240.211,102.123,18.167,25.4338,0,231.128,114.84,231.128,89.4061,249.295,89.4061,249.295,114.84
153,5133,241,115,12,239.541,101.592,17.3724,24.3213,0,230.854,113.753,230.854,89.4313,248.227,89.4313,248.227,113.753
154,5166,240.445,114.828,13,238.868,101.476,17.4311,24.4036,0,230.152,113.677,230.152,89.2738,247.584,89.2738,247.584,113.677
155,5200,238,114,12,238.079,101.453,17.357,24.2998,0,229.4,113.603,229.4,89.3035,246.757,89.3035,246.757,113.603
156,5233,237.348,113.9,12,237.518,101.046,17.7148,24.8008,0,228.661,113.446,228.661,88.6454,246.376,88.6454,246.376,113.446
157,5266,237.264,113.648,12,237.032,100.659,17.637,24.6917,0,228.214,113.005,228.214,88.3128,245.851,88.3128,245.851,113.005
158,5300,236.739,113.103,12,236.493,100.208,17.6365,24.6911,0,227.675,112.554,227.675,87.8624,245.311,87.8624,245.311,112.554
159,5333,238,114,12,235.865,99.795,17.6544,24.7162,0,227.038,112.153,227.038,87.437,244.692,87.437,244.692,112.153
160,5366,237.523,113.119,12,235.383,99.3308,17.5722,24.6011,0,226.597,111.631,226.597,87.0303,244.17,87.0303,244.17,111.631
161,5400,237.141,112.163,12,234.687,99.4888,17.6924,24.7694,0,225.841,111.873,225.841,87.1041,243.533,87.1041,243.533,111.873
162,5433,238,113,13,233.902,99.0693,17.6425,24.6994,0,225.08,111.419,225.08,86.7196,242.723,86.7196,242.723,111.419
163,5466,237.482,112.385,13,233.326,98.9238,18.281,25.5934,0,224.185,111.72,224.185,86.127,242.466,86.127,242.466,111.72
164,5500,235,110,12,232.553,98.5287,18.2645,25.5703,0,223.421,111.314,223.421,85.7435,241.686,85.7435,241.686,111.314
165,5533,235,110,12,231.741,97.8408,18.1826,25.4557,0,222.65,110.569,222.65,85.1129,240.833,85.1129,240.833,110.569
166,5566,234.281,109.491,12,230.851,97.3616,18.0715,25.3001,0,221.815,110.012,221.815,84.7115,239.887,84.7115,239.887,110.012
167,5600,233.244,108.761,12,229.842,96.8206,18.0398,25.2558,0,220.822,109.448,220.822,84.1927,238.862,84.1927,238.862,109.448
168,5633,232.515,108.012,12,228.919,96.2382,18.0267,25.2374,0,219.905,108.857,219.905,83.6195,237.932,83.6195,237.932,108.857
169,5666,233,109,12,227.868,95.7964,18.0633,25.2886,0,218.836,108.441,218.836,83.1521,236.899,83.1521,236.899,108.441
170,5700,231.881,108.361,12,226.846,95.3716,18.076,25.3064,0,217.808,108.025,217.808,82.7184,235.884,82.7184,235.884,108.025
171,5733,230.713,107.779,12,225.794,94.8961,18.0555,25.2777,0,216.766,107.535,216.766,82.2572,234.821,82.2572,234.821,107.535
172,5766,229.889,107.592,12,224.643,94.5528,18.1438,25.4013,0,215.571,107.253,215.571,81.8521,233.715,81.8521,233.715,107.253
173,5800,228.623,106.8,12,223.521,94.0402,17.9934,25.1907,0,214.524,106.636,214.524,81.4449,232.517,81.4449,232.517,106.636
174,5833,227.491,106.484,12,222.399,93.7986,18.0264,25.2369,0,213.386,106.417,213.386,81.1801,231.412,81.1801,231.412,106.417
175,5866,226.155,106.185,12,221.012,93.4525,18.4306,25.8028,0,211.797,106.354,211.797,80.551,230.227,80.551,230.227,106.354
176,5900,224.656,105.704,12,219.791,93.4892,18.294,25.6117,0,210.644,106.295,210.644,80.6833,228.938,80.6833,228.938,106.295
177,5933,223.267,105.39,12,218.647,93.2106,18.2392,25.5349,0,209.527,105.978,209.527,80.4432,227.766,80.4432,227.766,105.978
178,5966,221.357,104.752,12,217.128,93.1272,17.9376,25.1126,0,208.159,105.684,208.159,80.5709,226.097,80.5709,226.097,105.684
179,6000,220.17,104.588,12,216.017,92.9116,17.7479,24.8471,0,207.143,105.335,207.143,80.488,224.891,80.488,224.891,105.335
180,6033,218.778,103.469,12,215.037,92.7774,15.8943,22.2521,0,207.09,103.903,207.09,81.6514,222.985,81.6514,222.985,103.903
181,6066,217.4,103.17,12,214.085,92.876,15.8253,22.1554,0,206.173,103.954,206.173,81.7984,221.998,81.7984,221.998,103.954
182,6100,215.606,102.744,12,212.468,92.4899,15.6841,21.9578,0,204.626,103.469,204.626,81.511,220.311,81.511,220.311,103.469
183,6133,213.692,102.859,12,210.896,92.4507,15.8375,22.1725,0,202.978,103.537,202.978,81.3645,218.815,81.3645,218.815,103.537
184,6166,211.605,102.24,12,209.34,92.1713,15.8381,22.1733,0,201.421,103.258,201.421,81.0846,217.259,81.0846,217.259,103.258
185,6200,209.861,101.726,12,207.352,91.9431,13.4009,18.7612,0,200.652,101.324,200.652,82.5625,214.053,82.5625,214.053,101.324
186,6233,207.869,101.506,12,205.507,91.5679,13.4951,18.8931,0,198.76,101.014,198.76,82.1214,212.255,82.1214,212.255,101.014
187,6266,205.864,101.239,12,203.727,91.3588,13.4503,18.8305,0,197.002,100.774,197.002,81.9436,210.452,81.9436,210.452,100.774
188,6300,204.369,100.939,12,202.193,90.9682,13.517,18.9238,0,195.435,100.43,195.435,81.5063,208.952,81.5063,208.952,100.43
189,6333,202.389,100.743,12,200.141,90.4674,13.7854,19.2996,0,193.248,100.117,193.248,80.8176,207.034,80.8176,207.034,100.117
190,6366,200.579,100.528,12,198.196,90.2911,13.831,19.3634,0,191.281,99.9728,191.281,80.6094,205.112,80.6094,205.112,99.9728
191,6400,198.778,100.244,12,195.964,88.9011,14.6637,20.5292,0,188.632,99.1657,188.632,78.6366,203.295,78.6366,203.295,99.1657
192,6433,196.966,100.34,12,194.096,88.8502,14.3544,20.0962,0,186.919,98.8982,186.919,78.8021,201.274,78.8021,201.274,98.8982
193,6466,195.375,100.207,12,192.456,88.7645,14.4116,20.1762,0,185.25,98.8526,185.25,78.6764,199.662,78.6764,199.662,98.8526
194,6500,193.371,100.186,12,190.463,88.8019,14.4081,20.1713,0,183.259,98.8875,183.259,78.7162,197.667,78.7162,197.667,98.8875
195,6533,191.633,100.15,12,188.69,88.9315,14.5182,20.3255,0,181.431,99.0943,181.431,78.7687,195.949,78.7687,195.949,99.0943
196,6566,189.729,100.317,12,186.887,89.0948,14.6032,20.4445,0,179.585,99.3171,179.585,78.8726,194.189,78.8726,194.189,99.3171
197,6600,188.243,100.497,12,185.239,89.4562,14.3719,20.1207,0,178.053,99.5165,178.053,79.3958,192.425,79.3958,192.425,99.5165
198,6633,186.273,100.57,12,183.441,89.7737,14.1538,19.8154,0,176.364,99.6814,176.364,79.866,190.518,79.866,190.518,99.6814
199,6666,184.152,100.715,12,181.459,89.8891,14.6669,20.5337,0,174.125,100.156,174.125,79.6223,188.792,79.6223,188.792,100.156
200,6700,182.16,100.859,12,179.631,90.2599,14.6437,20.5012,0,172.309,100.51,172.309,80.0093,186.953,80.0093,186.953,100.51
201,6733,180.105,101.147,12,177.749,90.3197,14.4683,20.2556,0,170.515,100.448,170.515,80.1919,184.983,80.1919,184.983,100.448
202,6766,178.175,101.855,12,175.717,90.9412,15.0351,21.0492,0,168.2,101.466,168.2,80.4166,183.235,80.4166,183.235,101.466
203,6800,176.309,102.132,12,173.984,91.2388,14.8679,20.815,0,166.55,101.646,166.55,80.8313,181.418,80.8313,181.418,101.646
204,6833,174.602,102.458,12,172.383,91.4797,14.6242,20.4738,0,165.071,101.717,165.071,81.2428,179.695,81.2428,179.695,101.717
205,6866,172.933,102.655,12,170.639,91.8643,14.4525,20.2335,0,163.412,101.981,163.412,81.7476,177.865,81.7476,177.865,101.981
206,6900,171.396,102.777,12,168.975,91.9983,13.4494,18.8292,0,162.251,101.413,162.251,82.5837,175.7,82.5837,175.7,101.413
207,6933,167,102,12,167.181,92.2188,13.5112,18.9157,0,160.425,101.677,160.425,82.761,173.936,82.761,173.936,101.677
208,6966,165.306,102.289,12,165.156,92.2297,13.5211,18.9296,0,158.396,101.695,158.396,82.7649,171.917,82.7649,171.917,101.695
209,7000,163.454,102.624,12,163.092,91.7542,13.6568,19.1195,0,156.263,101.314,156.263,82.1944,169.92,82.1944,169.92,101.314
210,7033,162,103,12,161.17,91.6991,13.7972,19.3161,0,154.271,101.357,154.271,82.041,168.069,82.041,168.069,101.357
211,7066,161,103,12,159.397,92.4174,14.4706,20.2588,0,152.162,102.547,152.162,82.288,166.632,82.288,166.632,102.547
212,7100,159,103,12,157.367,92.2167,14.846,20.7844,0,149.944,102.609,149.944,81.8244,164.79,81.8244,164.79,102.609
213,7133,157,104,12,155.315,92.3194,15.01,21.014,0,147.81,102.826,147.81,81.8124,162.82,81.8124,162.82,102.826
214,7166,155,104,12,153.319,92.4187,15.1117,21.1564,0,145.764,102.997,145.764,81.8405,160.875,81.8405,160.875,102.997
215,7200,152.986,104.323,12,151.328,92.7697,15.2965,21.4152,0,143.68,103.477,143.68,82.0621,158.977,82.0621,158.977,103.477
216,7233,151.134,104.592,12,149.225,93.0515,14.3866,20.1412,0,142.032,103.122,142.032,82.9809,156.418,82.9809,156.418,103.122
217,7266,149,105,12,146.765,92.4965,13.5673,18.9942,0,139.981,101.994,139.981,82.9994,153.548,82.9994,153.548,101.994
218,7300,147,105,12,144.587,92.9208,13.6539,19.1155,0,137.76,102.479,137.76,83.3631,151.414,83.3631,151.414,102.479
219,7333,145,105,12,142.785,93.3715,13.7142,19.1999,0,135.928,102.971,135.928,83.7715,149.642,83.7715,149.642,102.971
220,7366,141,105,13,140.726,93.8111,13.5974,19.0363,0,133.927,103.329,133.927,84.293,147.524,84.293,147.524,103.329
221,7400,142,106,12,138.534,94.4876,13.9953,19.5934,0,131.536,104.284,131.536,84.6909,145.531,84.6909,145.531,104.284
222,7433,139,106,12,136.626,94.4117,13.7517,19.2524,0,129.75,104.038,129.75,84.7855,143.502,84.7855,143.502,104.038
223,7466,137,107,12,134.302,94.6371,13.9025,19.4635,0,127.35,104.369,127.35,84.9053,141.253,84.9053,141.253,104.369
224,7500,135,107,12,132.088,94.7907,13.9468,19.5256,0,125.115,104.554,125.115,85.0279,139.062,85.0279,139.062,104.554
225,7533,132.494,107.103,12,129.964,94.8262,13.9788,19.5703,0,122.975,104.611,122.975,85.041,136.954,85.041,136.954,104.611
226,7566,130.019,107.516,12,128.001,96.2579,15.143,21.2002,0,120.43,106.858,120.43,85.6578,135.573,85.6578,135.573,106.858
227,7600,127.276,106.916,12,125.681,96.0118,14.6205,20.4688,0,118.37,106.246,118.37,85.7774,132.991,85.7774,132.991,106.246
228,7633,124.781,106.78,12,123.369,95.7962,14.6222,20.4711,0,116.058,106.032,116.058,85.5606,130.68,85.5606,130.68,106.032
229,7666,122.372,106.535,12,120.991,95.5245,14.6216,20.4702,0,113.681,105.76,113.681,85.2894,128.302,85.2894,128.302,105.76
230,7700,119.604,106.282,12,118.47,95.2578,14.5663,20.3928,0,111.187,105.454,111.187,85.0614,125.753,85.0614,125.753,105.454
231,7733,117.152,106.303,12,116.163,95.0011,14.9427,20.9197,0,108.692,105.461,108.692,84.5413,123.634,84.5413,123.634,105.461
232,7766,114.397,106.385,12,113.564,94.9163,15.2496,21.3495,0,105.939,105.591,105.939,84.2415,121.189,84.2415,121.189,105.591
233,7800,112.105,105.92,12,111.197,94.7096,14.9733,20.9626,0,103.71,105.191,103.71,84.2283,118.683,84.2283,118.683,105.191
234,7833,109.606,105.818,12,108.762,94.6592,14.7841,20.6977,0,101.37,105.008,101.37,84.3103,116.154,84.3103,116.154,105.008
235,7866,107.141,106.102,12,106.208,94.8167,14.733,20.6262,0,98.8413,105.13,98.8413,84.5036,113.574,84.5036,113.574,105.13
236,7900,105.172,105.792,12,103.891,94.8874,14.4459,20.2243,0,96.6676,105,96.6676,84.7753,111.113,84.7753,111.113,105
237,7933,103.205,105.709,12,101.668,95.1265,14.1027,19.7437,0,94.6166,104.998,94.6166,85.2547,108.719,85.2547,108.719,104.998
238,7966,101.185,105.732,12,99.3735,95.3706,14.1046,19.7464,0,92.3212,105.244,92.3212,85.4974,106.426,85.4974,106.426,105.244
239,8000,99.1973,105.944,12,97.0287,95.8048,14.0268,19.6376,0,90.0153,105.624,90.0153,85.986,104.042,85.986,104.042,105.624
240,8033,97.1158,106.156,12,94.7715,96.3027,13.9019,19.4626,0,87.8206,106.034,87.8206,86.5714,101.722,86.5714,101.722,106.034
241,8066,94.5859,106.093,12,92.4255,96.6342,13.8496,19.3894,0,85.5007,106.329,85.5007,86.9395,99.3503,86.9395,99.3503,106.329
242,8100,92.2512,106.46,12,89.9669,97.0675,13.8061,19.3285,0,83.0639,106.732,83.0639,87.4033,96.8699,87.4033,96.8699,106.732
243,8133,89.5437,106.556,12,87.5018,97.4128,13.4503,18.8304,0,80.7766,106.828,80.7766,87.9976,94.227,87.9976,94.227,106.828
244,8166,86.8937,106.693,12,84.9665,97.7835,13.3547,18.6966,0,78.2891,107.132,78.2891,88.4352,91.6438,88.4352,91.6438,107.132
245,8200,84.1413,106.721,12,82.5369,98.0469,13.2356,18.5298,0,75.9191,107.312,75.9191,88.782,89.1547,88.782,89.1547,107.312
246,8233,81.4026,106.758,12,80.0497,98.1911,13.1833,18.4567,0,73.4581,107.419,73.4581,88.9628,86.6414,88.9628,86.6414,107.419
247,8266,75,105,12,77.4173,98.4889,13.0636,18.289,0,70.8855,107.633,70.8855,89.3444,83.9491,89.3444,83.9491,107.633
248,8300,72.3627,105.124,12,74.5291,98.4279,13.0687,18.2961,0,67.9948,107.576,67.9948,89.2798,81.0635,89.2798,81.0635,107.576
249,8333,69.885,105.593,12,72.011,98.8227,13.2133,18.4986,0,65.4044,108.072,65.4044,89.5733,78.6177,89.5733,78.6177,108.072
250,8366,67.1439,105.764,12,69.2657,99.0573,13.1948,18.4727,0,62.6683,108.294,62.6683,89.8209,75.8631,89.8209,75.8631,108.294
251,8400,64.5669,106.111,12,66.6853,99.3039,13.1568,18.4195,0,60.1069,108.514,60.1069,90.0941,73.2637,90.0941,73.2637,108.514
252,8433,62.0796,106.263,12,64.232,99.4109,13.2243,18.514,0,57.6199,108.668,57.6199,90.1539,70.8441,90.1539,70.8441,108.668
253,8466,59.5287,106.568,12,61.6947,99.7787,13.1764,18.447,0,55.1065,109.002,55.1065,90.5552,68.2829,90.5552,68.2829,109.002
254,8500,56.9482,107.138,12,59.1334,100.401,13.3142,18.6398,0,52.4763,109.72,52.4763,91.0807,65.7905,91.0807,65.7905,109.72
255,8533,54.6194,107.558,12,56.736,100.861,13.3557,18.698,0,50.0581,110.21,50.0581,91.5118,63.4139,91.5118,63.4139,110.21
256,8566,52.1675,107.951,12,54.3751,100.757,13.0802,18.3123,0,47.835,109.913,47.835,91.6006,60.9152,91.6006,60.9152,109.913
257,8600,49.6853,108.443,12,51.9585,101.317,13.0728,18.302,0,45.4221,110.468,45.4221,92.1663,58.4949,92.1663,58.4949,110.468
258,8633,47.2597,108.857,12,49.644,101.811,12.963,18.1481,0,43.1626,110.885,43.1626,92.7366,56.1255,92.7366,56.1255,110.885
259,8666,48.8113,109.397,12,47.353,102.495,12.9429,18.12,0,40.8815,111.555,40.8815,93.4348,53.8244,93.4348,53.8244,111.555
260,8700,44,110,12,45.0231,102.942,12.8107,17.935,0,38.6178,111.909,38.6178,93.9741,51.4284,93.9741,51.4284,111.909
261,8733,46,113,12,42.9187,103.679,12.7659,17.8722,0,36.5357,112.615,36.5357,94.743,49.3016,94.743,49.3016,112.615
262,8766,44,113,12,41.1302,104.732,13.0874,18.3224,0,34.5864,113.893,34.5864,95.5705,47.6739,95.5705,47.6739,113.893
263,8800,41,114,12,39.0298,105.486,12.9372,18.1121,0,32.5612,114.542,32.5612,96.4301,45.4985,96.4301,45.4985,114.542
264,8833,38.9796,115.006,12,36.9606,106.503,12.8298,17.9617,0,30.5457,115.484,30.5457,97.5222,43.3755,97.5222,43.3755,115.484
265,8866,36.7511,115.986,12,34.8498,107.62,12.784,17.8976,0,28.4578,116.569,28.4578,98.6709,41.2418,98.6709,41.2418,116.569
266,8900,34.5553,117.074,12,32.7679,108.802,12.8145,17.9403,0,26.3607,117.773,26.3607,99.8322,39.1752,99.8322,39.1752,117.773
267,8933,31.5213,116.337,12,30.753,109.926,12.7921,17.909,0,24.357,118.88,24.357,100.971,37.1491,100.971,37.1491,118.88
268,8966,29.2865,117.361,12,28.5085,110.8,12.7111,17.7955,0,22.153,119.697,22.153,101.902,34.864,101.902,34.864,119.697
269,9000,27.2886,118.361,12,26.4619,111.812,12.7059,17.7883,0,20.1089,120.706,20.1089,102.917,32.8148,102.917,32.8148,120.706
270,9033,25.9636,119.764,12,24.9713,113.253,12.6136,17.6591,0,18.6645,122.083,18.6645,104.423,31.2781,104.423,31.2781,122.083
271,9066,24.3821,120.735,12,23.4195,114.269,12.7063,17.7888,0,17.0663,123.164,17.0663,105.375,29.7726,105.375,29.7726,123.164
272,9100,22.8075,121.612,12,21.8529,115.051,12.5494,17.5692,0,15.5782,123.836,15.5782,106.267,28.1276,106.267,28.1276,123.836
273,9133,21.5413,122.439,12,20.5879,115.838,12.7582,17.8615,0,14.2088,124.769,14.2088,106.907,26.967,106.907,26.967,124.769
274,9166,20.4941,123.169,12,19.4828,116.589,12.7612,17.8656,0,13.1022,125.522,13.1022,107.656,25.8633,107.656,25.8633,125.522
275,9200,19.3111,123.976,12,18.3077,117.387,12.8011,17.9215,0,11.9072,126.348,11.9072,108.427,24.7082,108.427,24.7082,126.348
276,9233,18.374,124.946,12,17.313,118.326,12.7853,17.8995,0,10.9203,127.276,10.9203,109.376,23.7057,109.376,23.7057,127.276
277,9266,17.4672,125.767,12,16.1025,118.849,11.7928,16.51,0,10.2061,127.104,10.2061,110.594,21.9989,110.594,21.9989,127.104
278,9300,16.6415,126.855,13,15.2023,119.879,11.8268,16.5575,0,9.28891,128.158,9.28891,111.6,21.1157,111.6,21.1157,128.158
279,9333,15.9033,127.737,12,14.2761,121.021,12.1442,17.0019,0,8.20399,129.522,8.20399,112.52,20.3482,112.52,20.3482,129.522
280,9366,15.1128,128.848,12,13.4742,121.943,11.9179,16.6851,0,7.51528,130.286,7.51528,113.6,19.4332,113.6,19.4332,130.286
281,9400,14.3689,130.161,13,12.5673,123.112,12.0292,16.8409,0,6.55265,131.532,6.55265,114.692,18.5819,114.692,18.5819,131.532
282,9433,13.7665,131.105,13,11.9695,124.454,12.4426,17.4196,0,5.74823,133.164,5.74823,115.744,18.1908,115.744,18.1908,133.164
283,9466,13.2515,132.473,13,11.3204,125.796,12.4491,17.4287,0,5.09587,134.51,5.09587,117.082,17.5449,117.082,17.5449,134.51
284,9500,12.7175,133.751,13,10.7962,127.092,12.3992,17.3589,0,4.59655,135.771,4.59655,118.412,16.9958,118.412,16.9958,135.771
285,9533,12.4333,134.824,13,10.4154,128.177,12.4146,17.3804,0,4.20806,136.867,4.20806,119.487,16.6227,119.487,16.6227,136.867
286,9566,12.1797,135.865,13,10.1743,129.218,12.3877,17.3428,0,3.98048,137.89,3.98048,120.547,16.3682,120.547,16.3682,137.89
287,9600,12.1061,137.118,13,10.1065,130.41,12.3846,17.3385,0,3.91415,139.079,3.91415,121.741,16.2988,121.741,16.2988,139.079
288,9633,12.1064,138.118,13,10.1377,131.485,12.3879,17.343,0,3.9438,140.157,3.9438,122.814,16.3317,122.814,16.3317,140.157
289,9666,12.0708,139.403,13,10.1113,132.757,12.4807,17.4729,0,3.871,141.494,3.871,124.021,16.3517,124.021,16.3517,141.494
290,9700,12.1891,140.645,13,10.2483,133.967,12.5568,17.5795,0,3.9699,142.757,3.9699,125.178,16.5267,125.178,16.5267,142.757
291,9733,12.5803,141.626,13,10.7581,135.007,12.5589,17.5825,0,4.47866,143.798,4.47866,126.216,17.0376,126.216,17.0376,143.798
292,9766,12.8733,142.854,13,11.0585,136.16,12.6894,17.7651,0,4.71378,145.042,4.71378,127.277,17.4031,127.277,17.4031,145.042
293,9800,13.412,144.108,13,11.5635,137.318,12.7197,17.8076,0,5.2036,146.221,5.2036,128.414,17.9233,128.414,17.9233,146.221
294,9833,13.986,145.006,12,12.0516,138.074,12.7209,17.8092,0,5.69113,146.979,5.69113,129.17,18.412,129.17,18.412,146.979
295,9866,15,146,12,12.8803,138.693,12.8234,17.9528,0,6.4686,147.669,6.4686,129.717,19.292,129.717,19.292,147.669
296,9900,15.695,146.827,12,13.5844,139.595,13.571,18.9995,0,6.79889,149.095,6.79889,130.095,20.3699,130.095,20.3699,149.095
297,9933,16.2985,147.884,12,14.0963,140.605,13.5071,18.9099,0,7.34281,150.06,7.34281,131.15,20.8499,131.15,20.8499,150.06
298,9966,16.9487,149.285,12,14.7438,141.948,13.6168,19.0636,0,7.93543,151.48,7.93543,132.417,21.5522,132.417,21.5522,151.48
299,10000,17.5287,150.549,12,15.2258,143.192,13.5727,19.0018,0,8.43944,152.693,8.43944,133.691,22.0121,133.691,22.0121,152.693
300,10033,18.2672,152.196,12,15.9832,144.718,13.3455,18.6837,0,9.31046,154.06,9.31046,135.376,22.656,135.376,22.656,154.06
301,10066,18.8245,153.719,12,16.4929,146.289,13.6342,19.0879,0,9.67583,155.833,9.67583,136.745,23.31,136.745,23.31,155.833
302,10100,19.5617,155.328,12,17.2324,147.992,13.5149,18.9208,0,10.475,157.453,10.475,138.532,23.9898,138.532,23.9898,157.453
303,10133,20.2643,156.694,12,18.0129,149.477,13.4219,18.7907,0,11.302,158.873,11.302,140.082,24.7239,140.082,24.7239,158.873
304,10166,20.9502,158.03,12,18.836,150.913,13.3809,18.7332,0,12.1455,160.28,12.1455,141.546,25.5264,141.546,25.5264,160.28
305,10200,21.8647,159.441,12,19.8397,152.404,13.334,18.6677,0,13.1727,161.738,13.1727,143.07,26.5067,143.07,26.5067,161.738
306,10233,22.6859,160.66,12,20.8261,153.821,12.9807,18.173,0,14.3358,162.907,14.3358,144.734,27.3165,144.734,27.3165,162.907
307,10266,23.5741,162.081,12,21.8675,155.335,12.8764,18.0269,0,15.4293,164.349,15.4293,146.322,28.3057,146.322,28.3057,164.349
308,10300,24.7689,163.488,12,23.1822,156.801,12.8413,17.9778,0,16.7616,165.79,16.7616,147.812,29.6028,147.812,29.6028,165.79
309,10333,25.9717,164.884,12,24.4698,158.359,12.9352,18.1093,0,18.0023,167.414,18.0023,149.305,30.9374,149.305,30.9374,167.414
310,10366,27.2948,166.706,12,25.875,160.259,13.0544,18.2762,0,19.3478,169.397,19.3478,151.121,32.4022,151.121,32.4022,169.397
311,10400,28.7553,168.391,12,27.2951,161.778,12.8944,18.0522,0,20.8479,170.804,20.8479,152.752,33.7423,152.752,33.7423,170.804
312,10433,30.3286,170.079,12,28.8009,163.498,13.0664,18.293,0,22.2677,172.644,22.2677,154.351,35.3341,154.351,35.3341,172.644
313,10466,32.0533,171.55,12,30.461,165.04,13.0754,18.3056,0,23.9233,174.193,23.9233,155.887,36.9987,155.887,36.9987,174.193
314,10500,33.8974,172.955,12,32.3083,166.456,13.1273,18.3782,0,25.7447,175.645,25.7447,157.267,38.8719,157.267,38.8719,175.645
315,10533,36.2305,173.998,12,34.479,167.491,13.1904,18.4666,0,27.8838,176.724,27.8838,158.257,41.0742,158.257,41.0742,176.724
316,10566,35,183,12,36.7556,168.542,13.3514,18.692,0,30.0799,177.888,30.0799,159.196,43.4313,159.196,43.4313,177.888
317,10600,37.7985,184.46,12,39.1586,170.375,14.8214,20.75,0,31.7479,180.75,31.7479,160,46.5693,160,46.5693,180.75
318,10633,40.559,186.21,12,41.7464,171.237,15.0478,21.0669,0,34.2225,181.77,34.2225,160.703,49.2703,160.703,49.2703,181.77
319,10666,43.6013,187.683,12,44.4995,172.169,15.2368,21.3315,0,36.8811,182.835,36.8811,161.504,52.1179,161.504,52.1179,182.835
320,10700,46.926,188.531,12,47.3356,172.988,15.5106,21.7148,0,39.5804,183.845,39.5804,162.13,55.0909,162.13,55.0909,183.845
321,10733,50.0382,189.231,12,50.2677,173.785,15.7027,21.9837,0,42.4163,184.777,42.4163,162.793,58.119,162.793,58.119,184.777
322,10766,53.2518,190.138,12,53.0835,174.83,16.2061,22.6885,0,44.9805,186.175,44.9805,163.486,61.1866,163.486,61.1866,186.175
323,10800,56.3566,190.935,12,56.1426,175.603,16.2592,22.7629,0,48.013,186.985,48.013,164.222,64.2722,164.222,64.2722,186.985
324,10833,59.5268,192.021,12,59.2511,176.566,16.4523,23.0333,0,51.025,188.083,51.025,165.049,67.4773,165.049,67.4773,188.083
325,10866,62.6657,192.87,12,62.4741,177.332,16.7414,23.4379,0,54.1034,189.051,54.1034,165.613,70.8448,165.613,70.8448,189.051
326,10900,66.0822,193.768,12,65.6558,178.076,15.8369,22.1717,0,57.7374,189.162,57.7374,166.99,73.5743,166.99,73.5743,189.162
327,10933,69.5641,194.845,12,69.022,179.093,16.0497,22.4696,0,60.9971,190.327,60.9971,167.858,77.0469,167.858,77.0469,190.327
328,10966,72.9325,195.899,12,72.5547,179.941,16.015,22.4211,0,64.5472,191.152,64.5472,168.731,80.5622,168.731,80.5622,191.152
329,11000,76.6354,197.091,12,76.1191,180.892,16.0663,22.4928,0,68.0859,192.138,68.0859,169.645,84.1522,169.645,84.1522,192.138
330,11033,79.9353,198.144,12,79.6966,181.949,16.0272,22.438,0,71.683,193.168,71.683,170.73,87.7102,170.73,87.7102,193.168
331,11066,83.6421,199.218,12,83.357,182.9,16.0801,22.5121,0,75.317,194.156,75.317,171.644,91.3971,171.644,91.3971,194.156
332,11100,87.5953,200.139,12,87.1221,183.703,16.1276,22.5786,0,79.0583,194.993,79.0583,172.414,95.1859,172.414,95.1859,194.993
333,11133,91.3059,200.798,12,90.9505,184.4,16.0359,22.4502,0,82.9326,195.625,82.9326,173.175,98.9684,173.175,98.9684,195.625
334,11166,95.4097,201.496,12,94.8965,184.909,16.1106,22.5548,0,86.8412,196.187,86.8412,173.632,102.952,173.632,102.952,196.187
335,11200,99.3433,202.152,12,98.9381,185.448,16.0424,22.4594,0,90.9169,196.678,90.9169,174.219,106.959,174.219,106.959,196.678
336,11233,102.677,202.527,12,102.892,185.955,16.1826,22.6557,0,94.8002,197.283,94.8002,174.627,110.983,174.627,110.983,197.283
337,11266,106.029,202.904,12,106.903,186.421,15.9627,22.3478,0,98.9221,197.595,98.9221,175.248,114.885,175.248,114.885,197.595
338,11300,109.623,203.314,12,111.155,186.893,16.1082,22.5514,0,103.101,198.168,103.101,175.617,119.209,175.617,119.209,198.168
339,11333,113.396,203.088,12,115.203,187.197,15.8015,22.1221,0,107.302,198.258,107.302,176.136,123.104,176.136,123.104,198.258
340,11366,117.393,203.19,12,119.403,187.635,15.8394,22.1752,0,111.484,198.723,111.484,176.548,127.323,176.548,127.323,198.723
341,11400,121.442,203.007,12,123.403,187.8,15.857,22.1999,0,115.474,198.9,115.474,176.7,131.331,176.7,131.331,198.9
342,11433,126.124,203.113,12,127.864,187.88,15.9341,22.3078,0,119.897,199.034,119.897,176.726,135.831,176.726,135.831,199.034
343,11466,130.731,202.994,12,132.08,187.918,16.0146,22.4204,0,124.073,199.128,124.073,176.707,140.087,176.707,140.087,199.128
344,11500,135.851,203.492,12,136.443,188.047,16.1471,22.6059,0,128.37,199.35,128.37,176.744,144.517,176.744,144.517,199.35
345,11533,141.356,203.603,12,140.988,187.642,16.2248,22.7147,0,132.876,198.999,132.876,176.285,149.101,176.285,149.101,198.999
346,11566,146.579,203.603,12,145.483,187.681,17.5936,24.6311,0,136.686,199.996,136.686,175.365,154.28,175.365,154.28,199.996
347,11600,151.609,203.372,12,149.732,187.313,17.7557,24.858,0,140.854,199.742,140.854,174.884,158.61,174.884,158.61,199.742
348,11633,156.405,203.189,12,154.116,186.901,18.0383,25.2537,0,145.097,199.528,145.097,174.274,163.135,174.274,163.135,199.528
349,11666,160.697,202.159,12,158.361,186.287,18.2127,25.4977,0,149.255,199.036,149.255,173.538,167.468,173.538,167.468,199.036
350,11700,165.549,201.878,12,162.596,185.564,18.3121,25.6369,0,153.44,198.383,153.44,172.746,171.752,172.746,171.752,198.383
351,11733,169.776,201.41,12,166.817,184.885,18.354,25.6956,0,157.64,197.733,157.64,172.037,175.994,172.037,175.994,197.733
352,11766,174.478,200.807,12,171.054,184.419,18.5114,25.9159,0,161.798,197.377,161.798,171.461,180.31,171.461,180.31,197.377
353,11800,178.771,199.85,12,175.287,183.67,18.3433,25.6807,0,166.115,196.511,166.115,170.83,184.458,170.83,184.458,196.511
354,11833,183.254,199.525,12,179.399,183.102,18.418,25.7852,0,170.19,195.995,170.19,170.209,188.608,170.209,188.608,195.995
355,11866,187.061,198.633,12,183.402,182.45,18.2312,25.5236,0,174.287,195.212,174.287,169.688,192.518,169.688,192.518,195.212
356,11900,191.479,198.511,12,187.263,182.31,18.6394,26.0952,0,177.943,195.358,177.943,169.263,196.583,169.263,196.583,195.358
357,11933,195.036,197.617,12,191.013,181.908,18.5403,25.9564,0,181.743,194.886,181.743,168.93,200.283,168.93,200.283,194.886
358,11966,198.717,196.458,12,194.924,181.19,18.2144,25.5002,0,185.817,193.94,185.817,168.44,204.032,168.44,204.032,193.94
359,12000,202.375,195.285,12,198.839,180.558,18.175,25.445,0,189.751,193.28,189.751,167.835,207.926,167.835,207.926,193.28
360,12033,206.307,194.084,12,202.49,179.943,18.0967,25.3354,0,193.442,192.611,193.442,167.276,211.538,167.276,211.538,192.611
361,12066,210.401,193.147,12,206.326,179.16,17.7945,24.9123,0,197.428,191.616,197.428,166.704,215.223,166.704,215.223,191.616
362,12100,214.133,192.236,12,209.974,178.42,17.4338,24.4073,0,201.257,190.624,201.257,166.216,218.69,166.216,218.69,190.624
363,12133,217.781,191.383,12,213.646,177.659,17.1052,23.9472,0,205.094,189.632,205.094,165.685,222.199,165.685,222.199,189.632
364,12166,220.838,190.747,12,217.041,177.104,16.9686,23.756,0,208.557,188.982,208.557,165.226,225.526,165.226,225.526,188.982
365,12200,223.84,190.036,12,220.511,176.439,16.5558,23.1781,0,212.234,188.028,212.234,164.85,228.789,164.85,228.789,188.028
366,12233,226.456,188.053,13,224.097,174.986,16.0847,22.5186,0,216.055,186.245,216.055,163.727,232.14,163.727,232.14,186.245
367,12266,228.934,186.622,12,227.102,174.548,15.5183,21.7257,0,219.343,185.41,219.343,163.685,234.861,163.685,234.861,185.41
368,12300,231.726,184.463,13,230.543,173.625,15.2119,21.2966,0,222.938,184.273,222.938,162.976,238.149,162.976,238.149,184.273
369,12333,234.531,182.936,13,233.663,172.311,14.8798,20.8317,0,226.223,182.727,226.223,161.895,241.103,161.895,241.103,182.727
370,12366,237.441,181.369,13,236.726,171.175,14.5736,20.403,0,229.439,181.377,229.439,160.974,244.012,160.974,244.012,181.377
371,12400,240.356,179.921,13,239.81,170.044,14.4013,20.1618,0,232.609,180.125,232.609,159.963,247.01,159.963,247.01,180.125
372,12433,243.379,178.447,13,242.466,168.777,14.3076,20.0306,0,235.312,178.793,235.312,158.762,249.619,158.762,249.619,178.793
373,12466,246.169,177.067,13,244.952,167.248,14.4969,20.2957,0,237.703,177.396,237.703,157.1,252.2,157.1,252.2,177.396
374,12500,248.938,175.721,13,247.154,166.06,14.4011,20.1615,0,239.953,176.141,239.953,155.979,254.354,155.979,254.354,176.141
375,12533,251.353,174.141,13,249.322,164.556,14.3055,20.0278,0,242.17,174.57,242.17,154.542,256.475,154.542,256.475,174.57
376,12566,253.516,171.867,13,251.523,162.808,13.9958,19.5942,0,244.525,172.605,244.525,153.011,258.521,153.011,258.521,172.605
377,12600,255.653,169.798,13,253.66,161.069,13.9173,19.4842,0,246.701,170.811,246.701,151.327,260.618,151.327,260.618,170.811
378,12633,257.535,168.327,13,255.517,159.672,13.8789,19.4305,0,248.577,169.387,248.577,149.956,262.456,149.956,262.456,169.387
379,12666,259.545,166.938,13,257.441,158.37,13.9021,19.4629,0,250.49,168.101,250.49,148.639,264.392,148.639,264.392,168.101
380,12700,261.764,165.493,13,259.416,156.806,13.8285,19.3599,0,252.502,166.486,252.502,147.126,266.331,147.126,266.331,166.486
381,12733,263.52,163.924,13,261.103,155.183,13.8303,19.3624,0,254.187,164.864,254.187,145.502,268.018,145.502,268.018,164.864
382,12766,263.041,158.419,13,262.869,153.703,13.9541,19.5357,0,255.892,163.471,255.892,143.935,269.846,143.935,269.846,163.471
383,12800,264.544,156.896,13,264.197,151.762,13.4392,18.8149,0,257.478,161.169,257.478,142.354,270.917,142.354,270.917,161.169
384,12833,265.977,155.374,13,265.708,150.149,13.5098,18.9137,0,258.953,159.606,258.953,140.692,272.463,140.692,272.463,159.606
385,12866,267.29,153.758,12,266.913,148.463,13.4565,18.8391,0,260.185,157.882,260.185,139.043,273.642,139.043,273.642,157.882
386,12900,268.488,152.163,12,268.131,146.785,13.7313,19.2238,0,261.265,156.396,261.265,137.173,274.996,137.173,274.996,156.396
387,12933,269.645,150.363,12,269.28,144.839,13.6919,19.1686,0,262.434,154.423,262.434,135.255,276.126,135.255,276.126,154.423
388,12966,270.779,148.619,12,270.357,143.01,13.7526,19.2536,0,263.48,152.637,263.48,133.383,277.233,133.383,277.233,152.637
389,13000,271.598,147.104,12,271.206,141.376,13.789,19.3047,0,264.311,151.028,264.311,131.723,278.101,131.723,278.101,151.028
390,13033,272.309,146.27,12,271.961,140.238,13.9463,19.5248,0,264.987,150.001,264.987,130.476,278.934,130.476,278.934,150.001
391,13066,273.093,144.754,12,272.888,138.501,14.1166,19.7632,0,265.83,148.382,265.83,128.619,279.946,128.619,279.946,148.382
392,13100,273.693,142.968,12,273.545,136.722,13.9349,19.5089,0,266.577,146.477,266.577,126.968,280.512,126.968,280.512,146.477
393,13133,277,144,12,274.462,134.993,13.8543,19.396,0,267.535,144.691,267.535,125.295,281.39,125.295,281.39,144.691
394,13166,275.479,139.855,12,275.407,134.184,14.3792,20.1309,0,268.217,144.25,268.217,124.119,282.596,124.119,282.596,144.25
395,13200,275.973,138.393,12,276.006,132.036,13.8142,19.3399,0,269.099,141.706,269.099,122.367,282.913,122.367,282.913,141.706
396,13233,277.001,137.036,12,277.042,130.487,13.8953,19.4534,0,270.095,140.214,270.095,120.76,283.99,120.76,283.99,140.214
397,13266,277.792,135.964,12,277.91,129.152,13.8189,19.3465,0,271,138.825,271,119.479,284.819,119.479,284.819,138.825
398,13300,278.615,134.805,12,278.755,128.063,13.8331,19.3663,0,271.838,137.746,271.838,118.38,285.671,118.38,285.671,137.746
399,13333,279,140,12,279.501,126.766,13.7069,19.1897,0,272.648,136.361,272.648,117.172,286.355,117.172,286.355,136.361
400,13366,279.735,138.944,12,280.443,126.316,14.7285,20.6199,0,273.079,136.626,273.079,116.006,287.808,116.006,287.808,136.626
401,13400,280.627,137.196,12,281.295,125.428,14.6106,20.4549,0,273.989,135.655,273.989,115.2,288.6,115.2,288.6,135.655
402,13433,281.185,136.285,12,281.956,124.797,14.7873,20.7022,0,274.562,135.149,274.562,114.446,289.35,114.446,289.35,135.149
403,13466,282.02,134.96,12,282.956,123.796,14.6342,20.4879,0,275.639,134.04,275.639,113.552,290.273,113.552,290.273,134.04
404,13500,283.059,133.781,12,283.907,122.938,14.6307,20.4829,0,276.592,133.179,276.592,112.696,291.222,112.696,291.222,133.179
405,13533,283.838,132.658,12,284.858,121.906,14.5113,20.3158,0,277.602,132.064,277.602,111.748,292.114,111.748,292.114,132.064
